dataset,fold,f1,f1v,f2,f3,f4,l1,l2,l3,n1,n2,n3,n4,t1,lsc,density,clsCoef,hubs,t2,t3,t4,c1,c2
australian,0,0.315,0.13,0.01,0.959,0.823,0.029,0.13,0.072,0.162,0.177,0.325,0.243,0.588,0.986,0.966,0.448,0.893,0.041,0.003,0.071,0.008,0.023
australian,1,0.317,0.146,0.002,0.948,0.875,0.053,0.133,0.099,0.181,0.23,0.345,0.293,0.655,0.991,0.962,0.458,0.871,0.041,0.003,0.071,0.009,0.025
australian,2,0.309,0.14,0.001,0.928,0.832,0.043,0.119,0.084,0.194,0.315,0.406,0.299,0.713,0.992,0.956,0.412,0.875,0.041,0.003,0.071,0.008,0.023
australian,3,0.324,0.136,0.003,0.954,0.907,0.04,0.128,0.09,0.174,0.122,0.316,0.209,0.583,0.989,0.97,0.46,0.899,0.041,0.003,0.071,0.009,0.025
australian,4,0.305,0.127,0.003,0.939,0.803,0.031,0.122,0.078,0.177,0.244,0.374,0.235,0.614,0.988,0.954,0.421,0.862,0.041,0.003,0.071,0.008,0.023
australian,5,0.328,0.149,0.003,0.962,0.913,0.05,0.133,0.07,0.196,0.37,0.409,0.322,0.71,0.992,0.959,0.448,0.875,0.041,0.003,0.071,0.009,0.025
australian,6,0.386,0.167,0.035,0.971,0.922,0.048,0.151,0.07,0.187,0.201,0.377,0.275,0.635,0.99,0.972,0.445,0.893,0.041,0.003,0.071,0.008,0.023
australian,7,0.247,0.112,0.001,0.962,0.881,0.041,0.11,0.067,0.184,0.225,0.362,0.278,0.649,0.99,0.951,0.43,0.861,0.041,0.003,0.071,0.009,0.025
australian,8,0.305,0.119,0.004,0.945,0.852,0.035,0.107,0.061,0.161,0.39,0.336,0.301,0.629,0.991,0.958,0.424,0.867,0.041,0.003,0.071,0.008,0.023
australian,9,0.328,0.159,0.001,0.907,0.832,0.048,0.154,0.101,0.184,0.126,0.359,0.27,0.641,0.987,0.961,0.448,0.886,0.041,0.003,0.071,0.009,0.025
banknote,0,0.319,0.037,0.127,0.58,0.207,0.001,0.007,0.001,0.001,0.109,0.0,0.006,0.063,0.897,0.891,0.287,0.769,0.006,0.004,0.75,0.009,0.024
banknote,1,0.303,0.037,0.153,0.653,0.34,0.001,0.009,0.0,0.001,0.105,0.0,0.015,0.058,0.896,0.897,0.285,0.749,0.006,0.004,0.75,0.009,0.024
banknote,2,0.312,0.036,0.121,0.585,0.268,0.001,0.01,0.001,0.003,0.107,0.0,0.01,0.052,0.899,0.897,0.287,0.774,0.006,0.004,0.75,0.009,0.024
banknote,3,0.31,0.039,0.164,0.646,0.35,0.001,0.01,0.004,0.002,0.104,0.001,0.006,0.063,0.898,0.893,0.292,0.761,0.006,0.004,0.75,0.009,0.024
banknote,4,0.326,0.038,0.154,0.641,0.268,0.001,0.01,0.001,0.002,0.103,0.001,0.012,0.055,0.891,0.894,0.284,0.774,0.006,0.004,0.75,0.009,0.024
banknote,5,0.297,0.036,0.124,0.557,0.166,0.001,0.007,0.0,0.001,0.105,0.0,0.004,0.054,0.902,0.893,0.289,0.782,0.006,0.004,0.75,0.009,0.024
banknote,6,0.322,0.037,0.152,0.663,0.341,0.001,0.006,0.0,0.002,0.107,0.001,0.006,0.055,0.893,0.891,0.283,0.754,0.006,0.004,0.75,0.009,0.024
banknote,7,0.301,0.037,0.14,0.566,0.211,0.001,0.01,0.0,0.001,0.107,0.0,0.009,0.061,0.902,0.896,0.29,0.779,0.006,0.004,0.75,0.009,0.024
banknote,8,0.321,0.04,0.176,0.673,0.321,0.001,0.007,0.001,0.001,0.112,0.0,0.003,0.066,0.901,0.897,0.292,0.78,0.006,0.004,0.75,0.009,0.024
banknote,9,0.301,0.034,0.122,0.551,0.185,0.002,0.007,0.0,0.001,0.102,0.0,0.006,0.052,0.891,0.892,0.282,0.753,0.006,0.004,0.75,0.009,0.024
breastcancoimbra,0,0.676,0.269,0.0,0.707,0.0,0.079,0.19,0.034,0.31,0.378,0.638,0.414,0.879,0.974,0.881,0.436,0.774,0.155,0.017,0.111,0.008,0.021
breastcancoimbra,1,0.744,0.285,0.007,0.862,0.069,0.315,0.241,0.086,0.241,0.369,0.448,0.483,0.862,0.968,0.926,0.594,0.812,0.155,0.017,0.111,0.008,0.021
breastcancoimbra,2,0.859,0.41,0.004,0.879,0.172,0.245,0.259,0.224,0.241,0.382,0.397,0.362,0.707,0.959,0.933,0.599,0.799,0.155,0.017,0.111,0.008,0.021
breastcancoimbra,3,0.612,0.18,0.002,0.759,0.017,0.252,0.155,0.138,0.224,0.314,0.5,0.293,0.862,0.963,0.895,0.516,0.774,0.155,0.017,0.111,0.008,0.021
breastcancoimbra,4,0.758,0.231,0.017,0.845,0.276,0.088,0.138,0.138,0.259,0.421,0.431,0.31,0.845,0.968,0.964,0.746,0.842,0.155,0.017,0.111,0.008,0.021
breastcancoimbra,5,0.686,0.337,0.007,0.81,0.0,0.16,0.293,0.259,0.25,0.333,0.483,0.328,0.862,0.972,0.927,0.578,0.798,0.155,0.017,0.111,0.008,0.021
breastcancoimbra,6,0.625,0.185,0.021,0.845,0.138,0.164,0.172,0.069,0.224,0.435,0.483,0.379,0.776,0.961,0.967,0.739,0.87,0.155,0.017,0.111,0.008,0.021
breastcancoimbra,7,0.785,0.383,0.004,0.81,0.052,0.122,0.293,0.259,0.224,0.333,0.483,0.207,0.828,0.966,0.895,0.512,0.783,0.155,0.017,0.111,0.008,0.021
breastcancoimbra,8,0.737,0.273,0.001,0.845,0.017,0.071,0.121,0.086,0.224,0.33,0.414,0.293,0.828,0.967,0.886,0.535,0.762,0.155,0.017,0.111,0.008,0.021
breastcancoimbra,9,0.746,0.327,0.015,0.862,0.034,0.174,0.293,0.328,0.216,0.437,0.431,0.259,0.81,0.963,0.89,0.48,0.768,0.155,0.017,0.111,0.008,0.021
cryotherapy,0,0.357,0.083,0.042,0.578,0.089,0.049,0.067,0.022,0.156,0.131,0.222,0.156,0.467,0.921,0.925,0.511,0.778,0.133,0.022,0.167,0.003,0.009
cryotherapy,1,0.426,0.167,0.06,0.644,0.0,0.126,0.133,0.133,0.133,0.396,0.156,0.311,0.511,0.925,0.949,0.571,0.847,0.133,0.022,0.167,0.003,0.009
cryotherapy,2,0.33,0.153,0.023,0.422,0.133,0.099,0.178,0.022,0.178,0.411,0.267,0.311,0.644,0.936,0.944,0.503,0.849,0.133,0.022,0.167,0.003,0.009
cryotherapy,3,0.367,0.066,0.05,0.467,0.0,0.04,0.067,0.0,0.111,0.121,0.044,0.133,0.444,0.918,0.934,0.431,0.847,0.133,0.022,0.167,0.003,0.009
cryotherapy,4,0.222,0.103,0.016,0.356,0.089,0.108,0.067,0.044,0.122,0.119,0.111,0.133,0.533,0.906,0.944,0.443,0.859,0.133,0.022,0.167,0.003,0.009
cryotherapy,5,0.5,0.123,0.053,0.733,0.0,0.058,0.067,0.022,0.156,0.393,0.267,0.2,0.556,0.935,0.938,0.615,0.794,0.133,0.022,0.167,0.003,0.009
cryotherapy,6,0.373,0.12,0.064,0.711,0.044,0.066,0.111,0.111,0.122,0.128,0.222,0.267,0.444,0.908,0.929,0.42,0.843,0.133,0.022,0.167,0.003,0.009
cryotherapy,7,0.425,0.117,0.061,0.667,0.089,0.054,0.133,0.022,0.156,0.403,0.267,0.267,0.622,0.931,0.944,0.628,0.83,0.133,0.022,0.167,0.003,0.009
cryotherapy,8,0.352,0.086,0.061,0.622,0.0,0.06,0.044,0.022,0.122,0.353,0.111,0.2,0.422,0.881,0.944,0.491,0.855,0.133,0.022,0.167,0.003,0.009
cryotherapy,9,0.438,0.142,0.058,0.778,0.356,0.056,0.089,0.111,0.178,0.155,0.2,0.178,0.622,0.947,0.929,0.451,0.783,0.133,0.022,0.167,0.003,0.009
german,0,0.778,0.35,0.442,0.988,0.966,0.064,0.22,0.208,0.164,0.42,0.31,0.268,0.806,0.992,0.99,0.74,0.936,0.048,0.006,0.125,0.119,0.276
german,1,0.784,0.39,0.799,0.974,0.966,0.063,0.206,0.206,0.177,0.421,0.348,0.274,0.806,0.993,0.99,0.765,0.916,0.048,0.006,0.125,0.119,0.276
german,2,0.745,0.343,0.76,0.982,0.972,0.083,0.206,0.178,0.164,0.425,0.336,0.254,0.832,0.993,0.989,0.75,0.921,0.048,0.006,0.125,0.119,0.276
german,3,0.814,0.384,0.429,0.982,0.97,0.058,0.234,0.2,0.179,0.421,0.352,0.228,0.83,0.993,0.991,0.744,0.941,0.048,0.006,0.125,0.119,0.276
german,4,0.788,0.399,0.0,0.968,0.954,0.063,0.22,0.208,0.176,0.421,0.356,0.238,0.804,0.993,0.991,0.779,0.928,0.048,0.006,0.125,0.119,0.276
german,5,0.774,0.307,0.584,0.99,0.978,0.056,0.19,0.166,0.182,0.425,0.358,0.268,0.826,0.993,0.991,0.758,0.935,0.048,0.006,0.125,0.119,0.276
german,6,0.765,0.377,0.664,0.992,0.98,0.066,0.222,0.19,0.188,0.428,0.36,0.26,0.846,0.993,0.992,0.783,0.932,0.048,0.006,0.125,0.119,0.276
german,7,0.796,0.318,0.246,0.972,0.954,0.058,0.186,0.142,0.154,0.42,0.32,0.244,0.792,0.992,0.993,0.801,0.94,0.048,0.006,0.125,0.119,0.276
german,8,0.814,0.363,0.356,0.984,0.964,0.062,0.216,0.174,0.155,0.415,0.296,0.256,0.822,0.993,0.992,0.777,0.929,0.048,0.006,0.125,0.119,0.276
german,9,0.746,0.355,0.541,0.99,0.976,0.072,0.204,0.178,0.169,0.426,0.374,0.26,0.81,0.993,0.99,0.757,0.932,0.048,0.006,0.125,0.119,0.276
haberman,0,0.79,0.582,0.467,0.974,0.967,0.67,0.235,0.203,0.19,0.376,0.399,0.216,0.549,0.978,0.909,0.439,0.689,0.02,0.02,1.0,0.161,0.354
haberman,1,0.882,0.711,0.425,0.961,0.948,0.781,0.268,0.261,0.15,0.361,0.301,0.281,0.542,0.972,0.898,0.459,0.719,0.02,0.02,1.0,0.171,0.371
haberman,2,0.824,0.628,0.695,0.954,0.941,0.715,0.242,0.248,0.154,0.354,0.307,0.196,0.523,0.971,0.916,0.502,0.75,0.02,0.02,1.0,0.161,0.354
haberman,3,0.861,0.661,0.708,0.928,0.922,0.741,0.248,0.242,0.167,0.38,0.307,0.222,0.582,0.974,0.895,0.403,0.708,0.02,0.02,1.0,0.171,0.371
haberman,4,0.776,0.548,0.701,0.967,0.961,0.68,0.216,0.229,0.157,0.357,0.32,0.222,0.542,0.971,0.891,0.437,0.697,0.02,0.02,1.0,0.161,0.354
haberman,5,0.919,0.78,0.729,0.967,0.961,0.795,0.261,0.268,0.16,0.354,0.327,0.203,0.542,0.975,0.897,0.475,0.713,0.02,0.02,1.0,0.171,0.371
haberman,6,0.9,0.704,0.684,0.967,0.961,0.751,0.268,0.255,0.16,0.379,0.34,0.261,0.549,0.975,0.889,0.41,0.711,0.02,0.02,1.0,0.161,0.354
haberman,7,0.773,0.556,0.562,0.882,0.876,0.689,0.248,0.248,0.183,0.355,0.373,0.196,0.549,0.969,0.931,0.525,0.767,0.02,0.02,1.0,0.171,0.371
haberman,8,0.918,0.753,0.603,0.967,0.961,0.798,0.281,0.281,0.176,0.373,0.34,0.288,0.569,0.972,0.91,0.449,0.741,0.02,0.02,1.0,0.161,0.354
haberman,9,0.75,0.532,0.378,0.922,0.915,0.635,0.222,0.203,0.141,0.353,0.288,0.19,0.503,0.975,0.884,0.405,0.663,0.02,0.02,1.0,0.171,0.371
heart,0,0.559,0.188,0.197,0.948,0.837,0.078,0.141,0.141,0.207,0.429,0.43,0.267,0.756,0.981,0.978,0.702,0.89,0.096,0.022,0.231,0.009,0.024
heart,1,0.49,0.118,0.156,0.852,0.674,0.034,0.133,0.059,0.189,0.397,0.37,0.274,0.704,0.975,0.966,0.661,0.829,0.096,0.022,0.231,0.009,0.024
heart,2,0.57,0.151,0.257,0.941,0.874,0.071,0.126,0.119,0.207,0.426,0.415,0.2,0.77,0.979,0.969,0.666,0.888,0.096,0.022,0.231,0.009,0.024
heart,3,0.563,0.169,0.066,0.926,0.674,0.062,0.133,0.059,0.204,0.419,0.452,0.281,0.763,0.978,0.972,0.703,0.89,0.096,0.022,0.231,0.009,0.024
heart,4,0.502,0.141,0.277,0.911,0.696,0.058,0.104,0.074,0.204,0.42,0.422,0.252,0.778,0.98,0.985,0.751,0.934,0.096,0.022,0.231,0.009,0.024
heart,5,0.592,0.173,0.096,0.911,0.83,0.066,0.148,0.089,0.193,0.412,0.378,0.185,0.77,0.98,0.964,0.598,0.86,0.096,0.022,0.231,0.009,0.024
heart,6,0.471,0.133,0.112,0.926,0.793,0.05,0.119,0.089,0.156,0.403,0.281,0.274,0.726,0.975,0.967,0.623,0.877,0.096,0.022,0.231,0.009,0.024
heart,7,0.613,0.174,0.305,0.948,0.867,0.057,0.141,0.141,0.222,0.43,0.496,0.23,0.837,0.983,0.98,0.722,0.908,0.096,0.022,0.231,0.009,0.024
heart,8,0.498,0.123,0.193,0.881,0.807,0.065,0.096,0.037,0.193,0.407,0.407,0.215,0.77,0.977,0.969,0.656,0.878,0.096,0.022,0.231,0.009,0.024
heart,9,0.634,0.191,0.095,0.941,0.793,0.066,0.156,0.133,0.207,0.4,0.393,0.304,0.748,0.978,0.978,0.682,0.9,0.096,0.022,0.231,0.009,0.024
ionosphere,0,0.559,0.096,0.0,0.794,0.0,0.002,0.034,0.0,0.091,0.379,0.171,0.171,0.434,0.908,0.906,0.469,0.743,0.194,0.12,0.618,0.057,0.145
ionosphere,1,0.494,0.087,0.0,0.818,0.0,0.004,0.051,0.017,0.071,0.364,0.131,0.176,0.466,0.851,0.908,0.498,0.726,0.193,0.119,0.618,0.059,0.149
ionosphere,2,0.559,0.105,0.0,0.794,0.0,0.007,0.063,0.029,0.094,0.383,0.183,0.114,0.434,0.897,0.895,0.483,0.71,0.194,0.12,0.618,0.057,0.145
ionosphere,3,0.554,0.096,0.0,0.795,0.0,0.002,0.034,0.017,0.091,0.357,0.165,0.193,0.449,0.867,0.913,0.478,0.747,0.193,0.114,0.588,0.059,0.149
ionosphere,4,0.559,0.101,0.0,0.8,0.0,0.006,0.046,0.011,0.08,0.38,0.166,0.137,0.509,0.911,0.919,0.531,0.748,0.194,0.12,0.618,0.057,0.145
ionosphere,5,0.519,0.095,0.0,0.812,0.074,0.003,0.045,0.023,0.074,0.355,0.131,0.165,0.443,0.877,0.891,0.413,0.704,0.193,0.114,0.588,0.059,0.149
ionosphere,6,0.532,0.089,0.0,0.789,0.011,0.003,0.029,0.017,0.083,0.375,0.154,0.171,0.457,0.899,0.909,0.474,0.741,0.194,0.12,0.618,0.057,0.145
ionosphere,7,0.611,0.096,0.0,0.83,0.0,0.005,0.057,0.028,0.085,0.368,0.142,0.153,0.426,0.891,0.888,0.466,0.7,0.193,0.119,0.618,0.059,0.149
ionosphere,8,0.562,0.087,0.0,0.8,0.0,0.006,0.046,0.023,0.094,0.367,0.177,0.171,0.486,0.883,0.916,0.489,0.746,0.194,0.12,0.618,0.057,0.145
ionosphere,9,0.575,0.103,0.0,0.807,0.011,0.002,0.034,0.006,0.08,0.371,0.153,0.17,0.466,0.902,0.913,0.506,0.739,0.193,0.119,0.618,0.059,0.149
liver,0,0.94,0.594,0.03,0.936,0.808,0.493,0.297,0.256,0.177,0.415,0.384,0.273,0.802,0.984,0.885,0.418,0.794,0.035,0.017,0.5,0.019,0.052
liver,1,0.957,0.61,0.074,0.942,0.85,0.532,0.289,0.237,0.197,0.426,0.387,0.312,0.861,0.985,0.895,0.463,0.78,0.035,0.017,0.5,0.018,0.048
liver,2,0.892,0.669,0.054,0.93,0.797,0.519,0.32,0.302,0.189,0.422,0.378,0.25,0.82,0.983,0.908,0.492,0.793,0.035,0.017,0.5,0.019,0.052
liver,3,0.904,0.487,0.084,0.954,0.884,0.524,0.266,0.272,0.225,0.437,0.434,0.231,0.832,0.984,0.918,0.554,0.789,0.035,0.017,0.5,0.018,0.048
liver,4,0.946,0.708,0.098,0.948,0.849,0.513,0.349,0.297,0.218,0.433,0.413,0.308,0.837,0.985,0.924,0.497,0.827,0.035,0.017,0.5,0.019,0.052
liver,5,0.933,0.478,0.149,0.965,0.879,0.517,0.26,0.243,0.182,0.413,0.324,0.266,0.792,0.983,0.921,0.559,0.799,0.035,0.017,0.5,0.018,0.048
liver,6,0.961,0.624,0.069,0.948,0.762,0.497,0.297,0.256,0.209,0.428,0.384,0.302,0.785,0.984,0.9,0.499,0.781,0.035,0.017,0.5,0.019,0.052
liver,7,0.907,0.57,0.072,0.948,0.844,0.535,0.312,0.266,0.214,0.428,0.451,0.22,0.85,0.985,0.933,0.562,0.842,0.035,0.017,0.5,0.018,0.048
liver,8,0.907,0.555,0.049,0.953,0.849,0.477,0.331,0.279,0.192,0.411,0.378,0.25,0.785,0.984,0.903,0.504,0.782,0.035,0.017,0.5,0.019,0.052
liver,9,0.943,0.619,0.093,0.96,0.867,0.543,0.272,0.283,0.208,0.436,0.451,0.295,0.815,0.985,0.91,0.49,0.819,0.035,0.017,0.5,0.018,0.048
mammographic,0,0.461,0.2,0.537,0.923,0.916,0.084,0.159,0.092,0.128,0.255,0.248,0.202,0.511,0.985,0.84,0.277,0.736,0.012,0.002,0.2,0.001,0.002
mammographic,1,0.519,0.249,0.071,0.918,0.916,0.139,0.173,0.135,0.118,0.281,0.267,0.128,0.535,0.989,0.843,0.273,0.742,0.012,0.002,0.2,0.001,0.001
mammographic,2,0.51,0.207,0.597,0.916,0.908,0.116,0.171,0.125,0.13,0.253,0.243,0.133,0.511,0.986,0.84,0.276,0.73,0.012,0.002,0.2,0.001,0.002
mammographic,3,0.495,0.25,0.081,0.959,0.957,0.113,0.171,0.13,0.127,0.278,0.248,0.152,0.525,0.987,0.83,0.263,0.707,0.012,0.002,0.2,0.001,0.001
mammographic,4,0.518,0.267,0.07,0.949,0.935,0.124,0.183,0.133,0.133,0.294,0.275,0.171,0.542,0.987,0.839,0.266,0.728,0.012,0.002,0.2,0.001,0.002
mammographic,5,0.468,0.198,0.662,0.916,0.916,0.112,0.164,0.084,0.118,0.247,0.231,0.13,0.463,0.987,0.849,0.292,0.755,0.012,0.002,0.2,0.001,0.001
mammographic,6,0.538,0.231,0.679,0.93,0.93,0.126,0.193,0.147,0.135,0.275,0.27,0.152,0.554,0.988,0.879,0.324,0.777,0.012,0.002,0.2,0.001,0.002
mammographic,7,0.462,0.228,0.065,0.93,0.918,0.11,0.157,0.142,0.105,0.269,0.212,0.171,0.492,0.986,0.818,0.248,0.716,0.012,0.002,0.2,0.001,0.001
mammographic,8,0.446,0.187,0.75,0.925,0.925,0.114,0.159,0.106,0.117,0.244,0.263,0.14,0.489,0.986,0.857,0.293,0.752,0.012,0.002,0.2,0.001,0.002
mammographic,9,0.561,0.286,0.081,0.947,0.945,0.105,0.166,0.128,0.136,0.293,0.251,0.152,0.549,0.989,0.843,0.278,0.736,0.012,0.002,0.2,0.001,0.001
monk-2,0,0.604,0.213,0.667,0.718,0.079,0.056,0.181,0.148,0.039,0.393,0.093,0.069,0.611,0.963,0.954,0.549,0.871,0.028,0.028,1.0,0.002,0.006
monk-2,1,0.48,0.19,0.667,0.782,0.065,0.048,0.194,0.111,0.053,0.39,0.088,0.069,0.644,0.956,0.956,0.567,0.877,0.028,0.028,1.0,0.002,0.006
monk-2,2,0.627,0.272,0.667,0.759,0.106,0.07,0.269,0.208,0.058,0.394,0.134,0.102,0.681,0.964,0.96,0.596,0.872,0.028,0.028,1.0,0.002,0.006
monk-2,3,0.451,0.159,0.667,0.741,0.014,0.035,0.181,0.111,0.046,0.388,0.083,0.06,0.602,0.953,0.955,0.557,0.817,0.028,0.028,1.0,0.002,0.006
monk-2,4,0.544,0.217,0.667,0.741,0.088,0.061,0.199,0.134,0.06,0.391,0.102,0.037,0.602,0.959,0.957,0.591,0.752,0.028,0.028,1.0,0.002,0.006
monk-2,5,0.539,0.195,0.667,0.759,0.037,0.042,0.194,0.125,0.06,0.392,0.116,0.046,0.588,0.961,0.957,0.587,0.795,0.028,0.028,1.0,0.002,0.006
monk-2,6,0.539,0.205,0.667,0.75,0.06,0.054,0.204,0.144,0.06,0.394,0.12,0.037,0.662,0.96,0.958,0.583,0.799,0.028,0.028,1.0,0.002,0.006
monk-2,7,0.543,0.213,0.667,0.75,0.106,0.053,0.185,0.093,0.065,0.391,0.125,0.065,0.639,0.962,0.959,0.592,0.842,0.028,0.028,1.0,0.002,0.006
monk-2,8,0.656,0.251,0.667,0.722,0.097,0.065,0.264,0.19,0.06,0.397,0.144,0.116,0.681,0.965,0.957,0.586,0.813,0.028,0.028,1.0,0.002,0.006
monk-2,9,0.432,0.17,0.667,0.778,0.069,0.046,0.162,0.116,0.065,0.388,0.13,0.056,0.588,0.957,0.956,0.574,0.817,0.028,0.028,1.0,0.002,0.006
monkone,0,0.708,0.517,0.667,0.748,0.748,0.187,0.331,0.255,0.131,0.371,0.212,0.173,0.773,0.988,0.983,0.512,0.953,0.022,0.022,1.0,0.0,0.0
monkone,1,0.629,0.441,0.667,0.759,0.759,0.166,0.32,0.284,0.122,0.359,0.14,0.133,0.748,0.988,0.982,0.482,0.957,0.022,0.022,1.0,0.0,0.0
monkone,2,0.642,0.464,0.667,0.752,0.752,0.182,0.327,0.327,0.124,0.379,0.201,0.162,0.777,0.987,0.982,0.499,0.961,0.022,0.022,1.0,0.0,0.0
monkone,3,0.696,0.511,0.667,0.755,0.755,0.188,0.345,0.299,0.115,0.381,0.165,0.112,0.824,0.99,0.983,0.515,0.964,0.022,0.022,1.0,0.0,0.0
monkone,4,0.615,0.435,0.667,0.759,0.759,0.174,0.299,0.263,0.11,0.362,0.126,0.122,0.709,0.987,0.982,0.481,0.95,0.022,0.022,1.0,0.0,0.0
monkone,5,0.721,0.56,0.667,0.748,0.748,0.213,0.371,0.306,0.135,0.372,0.194,0.126,0.813,0.988,0.982,0.52,0.96,0.022,0.022,1.0,0.0,0.0
monkone,6,0.716,0.546,0.667,0.766,0.766,0.202,0.345,0.284,0.137,0.387,0.234,0.133,0.824,0.99,0.983,0.521,0.953,0.022,0.022,1.0,0.0,0.0
monkone,7,0.621,0.437,0.667,0.741,0.741,0.173,0.309,0.234,0.115,0.361,0.173,0.158,0.752,0.986,0.982,0.531,0.961,0.022,0.022,1.0,0.0,0.0
monkone,8,0.694,0.508,0.667,0.766,0.766,0.18,0.327,0.291,0.126,0.366,0.198,0.14,0.748,0.988,0.982,0.484,0.957,0.022,0.022,1.0,0.0,0.0
monkone,9,0.645,0.461,0.667,0.741,0.741,0.175,0.324,0.237,0.117,0.369,0.194,0.104,0.77,0.989,0.982,0.509,0.952,0.022,0.022,1.0,0.0,0.0
phoneme,0,0.792,0.383,0.261,0.87,0.851,0.128,0.241,0.212,0.073,0.221,0.115,0.178,0.334,0.979,0.959,0.365,0.874,0.002,0.002,1.0,0.127,0.291
phoneme,1,0.813,0.387,0.373,0.881,0.868,0.127,0.254,0.218,0.076,0.212,0.123,0.181,0.34,0.977,0.96,0.372,0.886,0.002,0.002,1.0,0.127,0.291
phoneme,2,0.817,0.396,0.328,0.866,0.853,0.132,0.244,0.215,0.075,0.21,0.118,0.172,0.322,0.973,0.959,0.369,0.878,0.002,0.002,1.0,0.127,0.291
phoneme,3,0.787,0.374,0.252,0.882,0.863,0.122,0.255,0.225,0.075,0.218,0.122,0.19,0.336,0.979,0.96,0.369,0.883,0.002,0.002,1.0,0.127,0.291
phoneme,4,0.822,0.398,0.273,0.861,0.843,0.13,0.251,0.216,0.071,0.226,0.118,0.189,0.343,0.981,0.959,0.366,0.879,0.002,0.002,1.0,0.127,0.291
phoneme,5,0.782,0.373,0.282,0.868,0.849,0.125,0.244,0.211,0.074,0.208,0.128,0.165,0.33,0.972,0.959,0.371,0.879,0.002,0.002,1.0,0.127,0.291
phoneme,6,0.797,0.383,0.264,0.873,0.855,0.127,0.244,0.211,0.075,0.217,0.115,0.188,0.336,0.977,0.957,0.363,0.877,0.002,0.002,1.0,0.127,0.291
phoneme,7,0.808,0.389,0.264,0.876,0.86,0.129,0.249,0.221,0.075,0.218,0.119,0.182,0.347,0.978,0.959,0.367,0.873,0.002,0.002,1.0,0.127,0.291
phoneme,8,0.802,0.385,0.309,0.878,0.854,0.129,0.245,0.229,0.078,0.222,0.123,0.177,0.343,0.978,0.959,0.368,0.875,0.002,0.002,1.0,0.127,0.291
phoneme,9,0.803,0.386,0.282,0.871,0.855,0.126,0.25,0.217,0.074,0.212,0.117,0.163,0.327,0.977,0.96,0.371,0.884,0.002,0.002,1.0,0.127,0.291
pima,0,0.621,0.329,0.341,0.987,0.938,0.178,0.234,0.216,0.173,0.401,0.349,0.214,0.669,0.986,0.931,0.489,0.799,0.021,0.005,0.25,0.067,0.167
pima,1,0.664,0.348,0.154,0.885,0.82,0.2,0.214,0.193,0.156,0.398,0.328,0.229,0.701,0.988,0.951,0.587,0.815,0.021,0.008,0.375,0.067,0.167
pima,2,0.674,0.345,0.204,0.966,0.906,0.162,0.227,0.154,0.184,0.398,0.372,0.211,0.659,0.985,0.944,0.561,0.817,0.021,0.008,0.375,0.067,0.167
pima,3,0.61,0.335,0.293,0.951,0.927,0.229,0.208,0.164,0.177,0.403,0.349,0.227,0.695,0.987,0.936,0.508,0.794,0.021,0.005,0.25,0.067,0.167
pima,4,0.615,0.31,0.135,0.932,0.885,0.119,0.198,0.159,0.168,0.4,0.357,0.237,0.688,0.987,0.942,0.56,0.81,0.021,0.008,0.375,0.067,0.167
pima,5,0.667,0.357,0.451,0.977,0.93,0.343,0.227,0.208,0.168,0.401,0.312,0.232,0.661,0.989,0.931,0.473,0.794,0.021,0.005,0.25,0.067,0.167
pima,6,0.661,0.35,0.192,0.94,0.898,0.225,0.211,0.206,0.171,0.397,0.32,0.234,0.648,0.988,0.945,0.537,0.825,0.021,0.005,0.25,0.067,0.167
pima,7,0.624,0.31,0.161,0.901,0.833,0.179,0.232,0.159,0.15,0.394,0.299,0.19,0.669,0.985,0.922,0.516,0.777,0.021,0.005,0.25,0.067,0.167
pima,8,0.643,0.352,0.232,0.982,0.945,0.193,0.224,0.206,0.174,0.401,0.372,0.253,0.672,0.988,0.951,0.576,0.822,0.021,0.005,0.25,0.067,0.167
pima,9,0.641,0.327,0.325,0.971,0.911,0.193,0.206,0.164,0.173,0.401,0.341,0.198,0.656,0.987,0.915,0.474,0.758,0.021,0.008,0.375,0.067,0.167
ring,0,0.949,0.38,0.0,0.933,0.573,0.995,0.236,0.194,0.138,0.453,0.267,0.395,0.915,0.969,0.954,0.738,0.848,0.005,0.005,0.95,0.0,0.0
ring,1,0.944,0.379,0.0,0.938,0.571,0.995,0.234,0.186,0.137,0.455,0.265,0.384,0.864,0.977,0.962,0.75,0.862,0.005,0.005,0.95,0.0,0.0
ring,2,0.95,0.377,0.0,0.935,0.566,0.995,0.236,0.181,0.136,0.454,0.259,0.393,0.884,0.975,0.962,0.75,0.857,0.005,0.005,0.95,0.0,0.0
ring,3,0.948,0.382,0.0,0.935,0.569,0.995,0.236,0.185,0.142,0.453,0.275,0.39,0.896,0.971,0.958,0.746,0.858,0.005,0.005,0.95,0.0,0.0
ring,4,0.945,0.381,0.0,0.936,0.574,0.995,0.235,0.189,0.138,0.454,0.266,0.392,0.904,0.974,0.96,0.749,0.859,0.005,0.005,0.95,0.0,0.0
ring,5,0.944,0.38,0.0,0.936,0.572,0.995,0.237,0.182,0.141,0.454,0.272,0.39,0.869,0.972,0.95,0.732,0.839,0.005,0.005,0.95,0.0,0.0
ring,6,0.949,0.386,0.0,0.938,0.57,0.995,0.24,0.19,0.138,0.453,0.267,0.395,0.88,0.972,0.955,0.739,0.85,0.005,0.005,0.95,0.0,0.0
ring,7,0.945,0.373,0.0,0.933,0.571,0.995,0.234,0.195,0.139,0.454,0.27,0.391,0.883,0.974,0.942,0.72,0.825,0.005,0.005,0.95,0.0,0.0
ring,8,0.947,0.37,0.0,0.941,0.583,0.995,0.232,0.178,0.136,0.454,0.264,0.386,0.879,0.974,0.956,0.74,0.853,0.005,0.005,0.95,0.0,0.0
ring,9,0.946,0.389,0.0,0.921,0.56,0.996,0.244,0.204,0.143,0.454,0.275,0.394,0.884,0.971,0.951,0.735,0.841,0.005,0.005,0.95,0.0,0.0
sonar,0,0.56,0.06,0.0,0.875,0.029,0.007,0.115,0.077,0.139,0.398,0.163,0.221,0.75,0.962,0.985,0.792,0.926,0.577,0.144,0.25,0.004,0.012
sonar,1,0.671,0.056,0.0,0.856,0.0,0.004,0.096,0.029,0.139,0.406,0.202,0.221,0.779,0.957,0.992,0.821,0.946,0.577,0.154,0.267,0.002,0.007
sonar,2,0.732,0.08,0.0,0.837,0.0,0.011,0.135,0.087,0.168,0.423,0.231,0.212,0.798,0.964,0.985,0.758,0.905,0.577,0.154,0.267,0.004,0.012
sonar,3,0.621,0.027,0.0,0.827,0.0,0.004,0.058,0.0,0.144,0.392,0.231,0.115,0.74,0.957,0.992,0.803,0.955,0.577,0.144,0.25,0.002,0.007
sonar,4,0.751,0.089,0.0,0.904,0.0,0.004,0.106,0.077,0.154,0.407,0.24,0.163,0.817,0.959,0.992,0.794,0.946,0.577,0.154,0.267,0.004,0.012
sonar,5,0.619,0.062,0.0,0.837,0.038,0.003,0.067,0.019,0.139,0.418,0.231,0.192,0.76,0.961,0.987,0.79,0.923,0.577,0.154,0.267,0.002,0.007
sonar,6,0.717,0.063,0.0,0.875,0.0,0.003,0.096,0.048,0.159,0.419,0.231,0.144,0.798,0.956,0.992,0.868,0.94,0.577,0.154,0.267,0.004,0.012
sonar,7,0.628,0.058,0.0,0.846,0.0,0.007,0.173,0.096,0.125,0.402,0.212,0.106,0.769,0.963,0.987,0.714,0.938,0.577,0.144,0.25,0.002,0.007
sonar,8,0.628,0.057,0.0,0.827,0.0,0.005,0.115,0.048,0.154,0.402,0.221,0.163,0.76,0.964,0.991,0.77,0.929,0.577,0.154,0.267,0.004,0.012
sonar,9,0.726,0.075,0.0,0.865,0.0,0.005,0.144,0.067,0.125,0.413,0.231,0.173,0.731,0.959,0.99,0.806,0.94,0.577,0.154,0.267,0.002,0.007
spambase,0,0.739,0.152,0.0,0.855,0.52,0.016,0.077,0.035,0.112,0.297,0.195,0.153,0.437,0.995,0.647,0.108,0.511,0.025,0.0,0.018,0.033,0.086
spambase,1,0.748,0.155,0.0,0.908,0.525,0.016,0.073,0.043,0.107,0.319,0.196,0.159,0.436,0.996,0.664,0.13,0.522,0.025,0.0,0.018,0.033,0.086
spambase,2,0.77,0.155,0.0,0.903,0.511,0.015,0.074,0.037,0.106,0.306,0.198,0.152,0.434,0.995,0.603,0.089,0.482,0.025,0.0,0.018,0.033,0.086
spambase,3,0.718,0.153,0.0,0.857,0.542,0.022,0.08,0.046,0.105,0.168,0.173,0.155,0.408,0.995,0.67,0.122,0.522,0.025,0.0,0.018,0.033,0.086
spambase,4,0.75,0.153,0.0,0.857,0.512,0.018,0.076,0.038,0.11,0.254,0.191,0.174,0.444,0.996,0.633,0.102,0.496,0.025,0.0,0.018,0.033,0.086
spambase,5,0.737,0.155,0.0,0.904,0.507,0.017,0.068,0.04,0.101,0.187,0.183,0.155,0.406,0.994,0.638,0.105,0.505,0.025,0.0,0.018,0.033,0.086
spambase,6,0.773,0.151,0.0,0.852,0.507,0.017,0.079,0.034,0.104,0.331,0.197,0.157,0.413,0.995,0.668,0.125,0.526,0.025,0.0,0.018,0.033,0.086
spambase,7,0.713,0.155,0.0,0.914,0.535,0.011,0.073,0.04,0.104,0.278,0.188,0.184,0.445,0.995,0.634,0.105,0.502,0.025,0.0,0.018,0.033,0.086
spambase,8,0.733,0.139,0.0,0.903,0.521,0.016,0.066,0.039,0.103,0.31,0.187,0.16,0.432,0.995,0.644,0.11,0.512,0.025,0.0,0.018,0.033,0.086
spambase,9,0.755,0.169,0.0,0.854,0.5,0.019,0.084,0.046,0.108,0.312,0.191,0.159,0.432,0.995,0.653,0.112,0.507,0.025,0.0,0.018,0.033,0.086
titanic,0,0.667,0.447,1.0,1.0,1.0,0.229,0.227,0.231,0.213,0.046,0.221,0.23,0.987,1.0,0.704,0.062,0.513,0.003,0.003,1.0,0.093,0.223
titanic,1,0.645,0.424,1.0,1.0,1.0,0.225,0.221,0.217,0.182,0.074,0.218,0.207,0.989,1.0,0.689,0.056,0.496,0.003,0.003,1.0,0.092,0.222
titanic,2,0.674,0.459,1.0,1.0,1.0,0.236,0.23,0.231,0.208,0.0,0.454,0.231,0.978,1.0,0.709,0.06,0.518,0.003,0.003,1.0,0.093,0.223
titanic,3,0.637,0.405,1.0,1.0,1.0,0.212,0.215,0.205,0.204,0.022,0.208,0.205,0.986,1.0,0.684,0.058,0.492,0.003,0.003,1.0,0.092,0.222
titanic,4,0.657,0.444,1.0,1.0,1.0,0.231,0.225,0.225,0.193,0.063,0.226,0.207,0.986,1.0,0.701,0.056,0.509,0.003,0.003,1.0,0.093,0.223
titanic,5,0.655,0.422,1.0,1.0,1.0,0.218,0.222,0.206,0.129,0.0,0.243,0.224,0.99,1.0,0.692,0.062,0.5,0.003,0.003,1.0,0.092,0.222
titanic,6,0.645,0.426,1.0,1.0,1.0,0.223,0.22,0.223,0.325,0.03,0.568,0.438,0.986,1.0,0.693,0.06,0.503,0.003,0.003,1.0,0.093,0.223
titanic,7,0.667,0.444,1.0,1.0,1.0,0.23,0.228,0.217,0.138,0.067,0.213,0.243,0.99,1.0,0.7,0.057,0.506,0.003,0.003,1.0,0.092,0.222
titanic,8,0.643,0.411,1.0,1.0,1.0,0.219,0.22,0.203,0.135,0.019,0.201,0.204,0.985,1.0,0.693,0.059,0.503,0.003,0.003,1.0,0.093,0.223
titanic,9,0.669,0.458,1.0,1.0,1.0,0.233,0.228,0.245,0.192,0.063,0.431,0.412,0.991,1.0,0.7,0.059,0.507,0.003,0.003,1.0,0.092,0.222
twonorm,0,0.672,0.059,0.003,0.98,0.825,0.008,0.024,0.009,0.028,0.427,0.055,0.01,0.842,0.983,0.997,0.841,0.975,0.005,0.005,0.95,0.0,0.0
twonorm,1,0.692,0.057,0.003,0.981,0.811,0.005,0.018,0.006,0.028,0.427,0.055,0.008,0.832,0.983,0.998,0.861,0.971,0.005,0.005,0.95,0.0,0.0
twonorm,2,0.682,0.059,0.003,0.973,0.831,0.007,0.021,0.005,0.026,0.427,0.055,0.008,0.825,0.984,0.995,0.797,0.97,0.005,0.005,0.95,0.0,0.0
twonorm,3,0.674,0.058,0.005,0.984,0.829,0.007,0.021,0.006,0.025,0.427,0.048,0.007,0.852,0.983,0.998,0.885,0.974,0.005,0.005,0.95,0.0,0.0
twonorm,4,0.671,0.058,0.003,0.985,0.825,0.007,0.019,0.006,0.028,0.428,0.055,0.008,0.838,0.984,0.998,0.895,0.973,0.005,0.005,0.95,0.0,0.0
twonorm,5,0.688,0.059,0.005,0.986,0.858,0.007,0.021,0.009,0.023,0.426,0.047,0.008,0.836,0.982,0.996,0.824,0.966,0.005,0.005,0.95,0.0,0.0
twonorm,6,0.673,0.057,0.003,0.982,0.831,0.006,0.019,0.006,0.026,0.425,0.055,0.006,0.842,0.981,0.998,0.881,0.959,0.005,0.005,0.95,0.0,0.0
twonorm,7,0.693,0.06,0.002,0.984,0.839,0.008,0.021,0.006,0.026,0.429,0.051,0.005,0.831,0.986,0.996,0.822,0.972,0.005,0.005,0.95,0.0,0.0
twonorm,8,0.674,0.057,0.003,0.975,0.822,0.007,0.023,0.008,0.028,0.426,0.055,0.009,0.825,0.983,0.997,0.858,0.971,0.005,0.005,0.95,0.0,0.0
twonorm,9,0.683,0.059,0.003,0.978,0.832,0.007,0.02,0.007,0.027,0.428,0.055,0.008,0.846,0.983,0.998,0.861,0.979,0.005,0.005,0.95,0.0,0.0
wisconsin,0,0.191,0.055,0.267,0.903,0.862,0.101,0.046,0.032,0.033,0.266,0.06,0.026,0.284,0.761,0.63,0.325,0.404,0.026,0.02,0.778,0.072,0.178
wisconsin,1,0.193,0.045,0.154,0.903,0.666,0.055,0.031,0.009,0.026,0.219,0.06,0.02,0.166,0.639,0.623,0.32,0.394,0.026,0.02,0.778,0.072,0.18
wisconsin,2,0.178,0.049,0.175,0.9,0.777,0.052,0.029,0.011,0.029,0.239,0.057,0.02,0.223,0.666,0.633,0.318,0.404,0.026,0.02,0.778,0.072,0.178
wisconsin,3,0.2,0.051,0.544,0.869,0.84,0.09,0.034,0.014,0.03,0.251,0.046,0.026,0.229,0.739,0.621,0.3,0.394,0.026,0.02,0.778,0.072,0.18
wisconsin,4,0.179,0.046,0.119,0.421,0.083,0.054,0.037,0.014,0.032,0.24,0.057,0.02,0.178,0.68,0.628,0.33,0.399,0.026,0.02,0.778,0.072,0.178
wisconsin,5,0.213,0.055,0.415,0.92,0.831,0.089,0.04,0.026,0.033,0.258,0.057,0.031,0.243,0.747,0.625,0.318,0.401,0.026,0.02,0.778,0.072,0.18
wisconsin,6,0.232,0.059,0.213,0.9,0.805,0.112,0.054,0.046,0.042,0.263,0.077,0.037,0.295,0.699,0.639,0.341,0.412,0.026,0.02,0.778,0.072,0.178
wisconsin,7,0.172,0.041,0.06,0.754,0.723,0.031,0.017,0.009,0.026,0.232,0.046,0.02,0.143,0.716,0.615,0.306,0.389,0.026,0.02,0.778,0.072,0.18
wisconsin,8,0.194,0.043,0.195,0.894,0.788,0.061,0.029,0.009,0.027,0.248,0.057,0.017,0.183,0.74,0.615,0.324,0.389,0.026,0.02,0.778,0.072,0.178
wisconsin,9,0.195,0.055,0.249,0.911,0.823,0.064,0.031,0.026,0.029,0.249,0.051,0.023,0.246,0.693,0.636,0.323,0.408,0.026,0.02,0.778,0.072,0.18
